url,distinct_authors,extracted_byline,extraction_method,domain,title,verified,spotcheck_verdict,spotcheck_notes
https://www.nbcnews.com/politics/national-security/analysis-hunter-bidens-hard-drive-shows-firm-took-11-million-2013-2018-rcna29462,10,"Tom Winter, Sarah Fitzpatrick, Chloe Atkins, Laura Strickler",json-ld,nbcnews.com,Analysis of Hunter Biden&#x27;s hard drive shows he and his firm took in about $11 million from 2013 to 2018,False,correct,raw JSON-LD confirms Tom Winter as lead author (multi-byline)
https://healthfeedback.org/claimreview/covid-19-vaccines-dont-affect-ovaries-or-fertility-in-general-the-vaccines-are-highly-effective-at-preventing-illness-and-death/,14,Health Feedback,json-ld,healthfeedback.org,COVID-19 vaccines don’t affect ovaries or fertility in general; the vaccines are highly effective at preventing illness and death - Science Feedback,False,institutional,"org-level byline (fact-check org publishes collectively), matches established institutional-handle precedent"
https://www.cracked.com/article_15974_7-insane-conspiracies-that-actually-happened.html,11,Peter Hildebrand,json-ld,cracked.com,7 Insane Conspiracies That Actually Happened | Cracked.com,False,correct,meta author tag matches exactly
https://www.motherjones.com/politics/2020/10/i-called-everyone-in-jeffrey-epsteins-little-black-book/,22,Leland Nally,meta-tag,motherjones.com,I Called Everyone in Jeffrey Epstein&#8217;s Little Black Book &#8211; Mother Jones,False,correct,meta author tag matches exactly
https://www.theatlantic.com/entertainment/archive/2016/07/operation-tinseltown-how-the-cia-manipulates-hollywood/491138/,23,Nicholas Schou,json-ld,theatlantic.com,"From &#x27;Argo&#x27; to &#x27;Homeland&#x27; to &#x27;Zero Dark Thirty,&#x27; How the CIA Used Hollywood to Promote Itself - The Atlantic",False,correct,raw JSON-LD Person + meta author both match
https://www.nbcnews.com/politics/congress/house-oversight-investigating-2b-saudi-investment-jared-kushners-firm-rcna31805,11,Rebecca Shabad,json-ld,nbcnews.com,House Oversight investigating $2B Saudi investment in Jared Kushner&#x27;s firm,False,correct,raw JSON-LD Person matches
https://www.politico.com/magazine/story/2017/04/the-happy-go-lucky-jewish-group-that-connects-trump-and-putin-215007,13,@politicomag,meta-tag,politico.com,The Happy-Go-Lucky Jewish Group That Connects Trump and Putin - POLITICO Magazine,False,institutional,"publication twitter handle, not a named journalist -- blocked (403) so unconfirmed directly, but matches the known institutional-handle fallback pattern"
https://obamawhitehouse.archives.gov/blog/2017/01/13/obama-administration-efforts-combat-human-trafficking-0,12,@WhiteHouse,meta-tag,obamawhitehouse.archives.gov,Obama Administration Efforts to Combat Human Trafficking | whitehouse.gov,False,institutional,"official account handle, correct as an institutional attribution"
https://www.thedrive.com/the-war-zone/28729/docs-show-navy-got-ufo-patent-granted-by-warning-of-similar-chinese-tech-advances,20,Brett Tingley and Tyler Rogoway,json-ld,thedrive.com,Docs Show Navy Got &#039;UFO&#039; Patent Granted By Warning Of Similar Chinese Tech Advances,False,correct,meta author tag matches exactly
https://www.bbc.com/news/health-54000629,20,Rachel Schraer,json-ld,bbc.com,Coronavirus: Tests &#x27;could be picking up dead virus&#x27;,False,correct,raw JSON-LD shows 'By Rachel Schraer' -- confirms the 'By ' stripping in clean_author_name works correctly on real data
https://www.thenewamerican.com/economy/markets/item/4630-gadhafi-s-gold-money-plan-would-have-devastated-dollar,19,Alex Newman,json-ld,thenewamerican.com,Gadhafi’s Gold-money Plan Would Have Devastated Dollar - The New American,False,correct,meta author tag matches; Alex Newman is a real New American staff writer
https://www.jccf.ca/government-data-shows-lockdowns-more-deadly-than-covid-19/,10,Luke Neilson,json-ld,jccf.ca,Government data shows lockdowns more deadly than COVID-19 | Justice Centre for Constitutional Freedoms,False,correct,meta author tag matches exactly
https://www.foxnews.com/politics/birx-says-government-is-classifying-all-deaths-of-patients-with-coronavirus-as-covid-19-deaths-regardless-of-cause,23,Louis Casiano,json-ld,foxnews.com,"Birx says government is classifying all deaths of patients with coronavirus as &#x27;COVID-19&#x27; deaths, regardless of cause | Fox News",False,plausible_unconfirmed,no raw evidence captured by this check's simplified JSON-LD parser (Fox likely nests differently); Louis Casiano is a real Fox News reporter per general knowledge
https://www.justsecurity.org/70497/far-right-infiltrators-and-agitators-in-george-floyd-protests-indicators-of-white-supremacists/,11,Mia Bloom,meta-tag,justsecurity.org,Far-Right Infiltrators and Agitators in George Floyd Protests: Indicators of White Supremacists,False,correct,meta author tag matches exactly; Mia Bloom is a real published academic on this topic
https://www.slate.com/articles/news_and_politics/cover_story/2016/10/was_a_server_registered_to_the_trump_organization_communicating_with_russia.html,27,Franklin Foer,json-ld,slate.com,Was a server registered to the Trump Organization communicating with Russia&rsquo;s Alfa Bank?,False,correct,raw JSON-LD author string matches exactly
https://nypost.com/2020/07/08/ex-reddit-ceo-ellen-pao-knew-ghislaine-maxwell-allegations/,11,Ben Feuerherd,json-ld,nypost.com,Ex-Reddit CEO Ellen Pao 'knew' Ghislaine Maxwell allegations,False,correct,raw JSON-LD Person matches
https://observer.com/2016/07/wikileaks-proves-primary-was-rigged-dnc-undermined-democracy/,21,Michael Sainato,json-ld,observer.com,Wikileaks Proves Primary Was Rigged: DNC Undermined Democracy | Observer,False,correct,raw JSON-LD Person + meta author URL both match
https://www.snopes.com/fact-check/did-obama-administration-children-human-traffickers/,12,Bethania Palma,json-ld,snopes.com,Did the Obama Administration Place Immigrant Children With Human Traffickers? | Snopes.com,False,correct,raw JSON-LD Person with real bio + meta author both match
https://bmcpublichealth.biomedcentral.com/articles/10.1186/s12889-015-1867-2,11,"Greta R. Bauer, Ayden I. Scheim, Jake Pyne, Robb Travers, Rebecca Hammond",json-ld,bmcpublichealth.biomedcentral.com,"Intervenable factors associated with suicide risk in transgender persons: a respondent driven sampling study in Ontario, Canada | BMC Public Health | Springer Nature Link",False,plausible_unconfirmed,"no raw evidence captured by this check's simplified parser (likely a different schema nesting for scholarly articles); author list matches the real, findable paper on transgender suicide risk"
https://www.rollingstone.com/politics/features/timeline-of-trumps-creepiness-while-he-owned-miss-universe-w444634,9,Tessa Stuart,json-ld,rollingstone.com,Timeline of Trump&#039;s Creepiness While He Owned Miss Universe,False,correct,raw JSON-LD Person matches (appears twice in the page's structured data)
https://vaccines.procon.org/state-by-state-vaccinations-required-for-public-school-kindergarten/,11,The Editors of ProCon,json-ld,vaccines.procon.org,"School Vaccine Mandates | Pros, Cons, Debate, Arguments, Children, Personal choice, Government intervention, & Medicine | Britannica",False,institutional_unconfirmed,blocked (403); 'The Editors of ProCon' is ProCon.org's real standard institutional byline
https://libertysoft4.github.io/conspiracy-text-post-archive/conspiracy/comments/5/5/g/9/6/3/22_years_ago_i_was_invited_through_a_friend_of.html,22,130naturalproducer2016-10-02,html-pattern,libertysoft4.github.io,r/conspiracy: 22 Years ago I was invited through a friend of the family to see a underground home. Not knowing until years later it was in preparation for a perceived future event. I can go into details that will blow the mind of who have never seen a huge underground Town.,False,WRONG,"this is a static GitHub Pages MIRROR of an r/conspiracy comment thread, not a real article -- the html-pattern selector grabbed a Reddit username+date ('130naturalproducer2016-10-02') and it was accepted as a byline. NEW BUG CLASS: reddit-archive-mirror domains produce nonsense output, not covered by EXCLUDE_DOMAINS."
https://www.nbcnews.com/meet-the-press/video/full-clapper-no-evidence-of-collusion-between-trump-and-russia-890509379597,10,NBCNews,meta-tag,nbcnews.com,Full Clapper: &#x27;No Evidence&#x27; of Collusion Between Trump and Russia,False,institutional,"video page with no specific reporter; raw JSON-LD shows NewsMediaOrganization 'NBC News' as publisher -- correct fallback, but low-specificity"
https://wwd.com/fashion-news/fashion-scoops/former-model-agent-close-to-jeffrey-epstein-found-hanged-1235085929/,12,"Jennifer Weil, Rosemary Feitelberg",json-ld,wwd.com,"Former Model Agent, Linked to Jeffrey Epstein, Found Hanged in Prison",False,correct,raw JSON-LD Persons + meta author both match both names
https://www.bbc.com/news/science-environment-39054778,42,Tom Feilden,json-ld,bbc.com,Most scientists &#x27;can&#x27;t replicate studies by their peers&#x27; - BBC News,False,correct,raw JSON-LD Person matches
https://www.theguardian.com/world/2021/sep/13/fully-vaccinated-people-account-for-12-of-englands-covid-19-deaths,10,Ben Quinn,json-ld,theguardian.com,Fully vaccinated people account for 1.2% of England’s Covid-19 deaths | Coronavirus | The Guardian,False,correct,"raw JSON-LD Person + meta author profile URL both match; real, findable Guardian reporter"
https://www.pewsocialtrends.org/2013/05/07/gun-homicide-rate-down-49-since-1993-peak-public-unaware/,13,"D’Vera Cohn, Paul Taylor, Mark Hugo Lopez, Catherine A. Gallagher, Kim Parker, Kevin T. Maass",json-ld,pewsocialtrends.org,Gun Homicide Rate Down 49% Since 1993 Peak; Public Unaware | Pew Research Center,False,correct,meta author matches the first-listed name of the multi-author JSON-LD result
https://www.pewforum.org/2013/10/01/jewish-american-beliefs-attitudes-culture-survey/,14,No Author,json-ld,pewforum.org,A Portrait of Jewish Americans | Pew Research Center,False,MINOR_ISSUE,"page's own meta tag literally says 'No Author' and the pipeline faithfully passed it through as if it were a real name -- not wrong per se, but noise that should be blacklisted like other boilerplate strings"
https://www.nature.com/articles/d41586-020-02483-2,10,Smriti Mallapaty,json-ld,nature.com,The coronavirus is most deadly if you are older and male — new data reveal the risks | Nature,False,plausible_unconfirmed,"no raw evidence captured by this check's simplified parser; Smriti Mallapaty is a real, findable Nature reporter covering COVID"
https://www.globalresearch.ca/the-federal-reserve-cartel-the-eight-families/25080,18,Dean Henderson,html-pattern,globalresearch.ca,The Federal Reserve Cartel: The Eight Families - Global ResearchGlobal Research - Centre for Research on Globalization,False,plausible_unconfirmed,"blocked (403); Dean Henderson is a real, findable globalresearch.ca contributor"
